{
   "labels":[24,24.5,25.5,26.5,27.5,28.5,29.5,30.5,31.5,32.5,33.5,34.5,35.5,36.5,37.5,38.5,39.5,40.5,41.5,42.5,43.5,44.5,45.5,46.5,47.5,48.5,49.5,50.5,51.5,52.5,53.5,54.5,55.5,56.5,57.5,58.5,59.5,60.5,61.5,62.5,63.5,64.5,65.5,66.5,67.5,68.5,69.5,70.5,71.5,72.5,73.5,74.5,75.5,76.5,77.5,78.5,79.5,80.5,81.5,82.5,83.5,84.5,85.5,86.5,87.5,88.5,89.5,90.5,91.5,92.5,93.5,94.5,95.5,96.5,97.5,98.5,99.5,100.5,101.5,102.5,103.5,104.5,105.5,106.5,107.5,108.5,109.5,110.5,111.5,112.5,113.5,114.5,115.5,116.5,117.5,118.5,119.5,120.5,121.5,122.5,123.5,124.5,125.5,126.5,127.5,128.5,129.5,130.5,131.5,132.5,133.5,134.5,135.5,136.5,137.5,138.5,139.5,140.5,141.5,142.5,143.5,144.5,145.5,146.5,147.5,148.5,149.5,150.5,151.5,152.5,153.5,154.5,155.5,156.5,157.5,158.5,159.5,160.5,161.5,162.5,163.5,164.5,165.5,166.5,167.5,168.5,169.5,170.5,171.5,172.5,173.5,174.5,175.5,176.5,177.5,178.5,179.5,180.5,181.5,182.5,183.5,184.5,185.5,186.5,187.5,188.5,189.5,190.5,191.5,192.5,193.5,194.5,195.5,196.5,197.5,198.5,199.5,200.5,201.5,202.5,203.5,204.5,205.5,206.5,207.5,208.5,209.5,210.5,211.5,212.5,213.5,214.5,215.5,216.5,217.5,218.5,219.5,220.5,221.5,222.5,223.5,224.5,225.5,226.5,227.5,228.5,229.5,230.5,231.5,232.5,233.5,234.5,235.5,236.5,237.5,238.5,239.5,240],
  "data":{"3%":[79.91084,80.26037,81.00529,81.73416,82.44846,83.14945,83.83819,84.51558,85.18238,85.83925,86.48678,87.12552,87.75597,88.37864,88.93297,89.47916,90.01766,90.54891,91.07337,91.59152,92.10382,92.61073,93.11271,93.61022,94.10371,94.59361,95.08035,95.56435,96.046,96.52568,97.00376,97.48058,97.95648,98.43175,98.90667,99.38151,99.8565,100.3318,100.8077,101.2843,101.7618,102.2401,102.7195,103.2,103.6815,104.1642,104.6479,105.1326,105.6183,106.1048,106.5921,107.0799,107.5682,108.0566,108.5451,109.0335,109.5214,110.0086,110.495,110.9801,111.4638,111.9459,112.4259,112.9036,113.3789,113.8513,114.3206,114.7867,115.2491,115.7077,116.1623,116.6127,117.0587,117.5,117.9366,118.3683,118.7949,119.2165,119.633,120.0442,120.4502,120.851,121.2467,121.6372,122.0228,122.4034,122.7793,123.1506,123.5175,123.8803,124.2391,124.5943,124.9462,125.295,125.6413,125.9852,126.3272,126.6678,127.0073,127.3462,127.6851,128.0243,128.3643,128.7058,129.0491,129.3949,129.7436,130.0958,130.452,130.8127,131.1785,131.5498,131.9272,132.311,132.7018,133.1,133.5059,133.9199,134.3423,134.7733,135.2132,135.6621,136.1202,136.5875,137.064,137.5496,138.0442,138.5477,139.0597,139.5799,140.108,140.6435,141.1858,141.7345,142.2889,142.8482,143.4118,143.9788,144.5483,145.1196,145.6915,146.2633,146.8339,147.4023,147.9674,148.5284,149.0842,149.6338,150.1763,150.7107,151.2363,151.7521,152.2575,152.7517,153.2342,153.7043,154.1615,154.6056,155.036,155.4526,155.8552,156.2436,156.6178,156.9777,157.3235,157.6551,157.9729,158.277,158.5676,158.845,159.1095,159.3614,159.6011,159.829,160.0455,160.2508,160.4456,160.63,160.8046,160.9697,161.1258,161.2733,161.4125,161.5438,161.6676,161.7843,161.8942,161.9977,162.0951,162.1866,162.2727,162.3537,162.4297,162.5011,162.5681,162.631,162.69,162.7453,162.7972,162.8458,162.8914,162.9341,162.9741,163.0115,163.0465,163.0793,163.11,163.1387,163.1656,163.1907,163.2142,163.2361,163.2566,163.2757,163.2936,163.3103,163.3259,163.3333],
   "5%":[80.72977,81.08868,81.83445,82.56406,83.27899,83.98045,84.66948,85.34694,86.01357,86.66999,87.3168,87.95452,88.58366,89.20473,89.77301,90.33306,90.88532,91.43025,91.96832,92.49999,93.0257,93.54592,94.06109,94.57166,95.07806,95.5807,96.08,96.57635,97.07013,97.5617,98.05141,98.53958,99.02654,99.51256,99.99791,100.4828,100.9676,101.4523,101.9372,102.4225,102.9082,103.3945,103.8814,104.369,104.8574,105.3466,105.8364,106.327,106.8182,107.3099,107.8021,108.2946,108.7873,109.2801,109.7727,110.2649,110.7566,111.2476,111.7375,112.2263,112.7135,113.1991,113.6827,114.1642,114.6431,115.1194,115.5927,116.0629,116.5297,116.9928,117.4521,117.9074,118.3585,118.8053,119.2475,119.6851,120.1179,120.5459,120.969,121.3872,121.8004,122.2086,122.6119,123.0103,123.4039,123.7928,124.1771,124.5569,124.9325,125.304,125.6717,126.0358,126.3966,126.7544,127.1096,127.4624,127.8132,128.1625,128.5106,128.8579,129.2051,129.5524,129.9004,130.2496,130.6005,130.9536,131.3094,131.6686,132.0316,132.399,132.7714,133.1491,133.5329,133.9232,134.3205,134.7252,135.1378,135.5588,135.9885,136.4271,136.8751,137.3326,137.7998,138.2769,138.7638,139.2605,139.767,140.2831,140.8085,141.3429,141.8859,142.4369,142.9955,143.5608,144.1322,144.7089,145.29,145.8746,146.4615,147.0498,147.6385,148.2262,148.812,149.3947,149.9731,150.5461,151.1127,151.6717,152.2221,152.763,153.2935,153.8127,154.32,154.8147,155.2961,155.7638,156.2174,156.6566,157.0811,157.4907,157.8853,158.265,158.6298,158.9798,159.315,159.6359,159.9425,160.2352,160.5143,160.7802,161.0332,161.2738,161.5023,161.7191,161.9247,162.1196,162.3041,162.4786,162.6437,162.7997,162.947,163.086,163.2172,163.3409,163.4575,163.5673,163.6708,163.7682,163.8598,163.9461,164.0272,164.1034,164.1751,164.2424,164.3057,164.3651,164.4209,164.4733,164.5224,164.5686,164.6119,164.6526,164.6907,164.7265,164.76,164.7915,164.821,164.8487,164.8746,164.8989,164.9217,164.9431,164.9631,164.9819,164.9995,165.016,165.0315,165.0389],
   "10%":[81.99171,82.36401,83.11387,83.84716,84.56534,85.26962,85.96098,86.64027,87.3082,87.9654,88.61244,89.24986,89.87816,90.49789,91.08608,91.66589,92.23779,92.80225,93.35972,93.91068,94.45556,94.99482,95.52888,96.05817,96.5831,97.10407,97.62147,98.13566,98.64701,99.15585,99.6625,100.1673,100.6705,101.1723,101.6731,102.173,102.6723,103.1712,103.6697,104.1682,104.6666,105.1651,105.6638,106.1627,106.6619,107.1614,107.6611,108.1612,108.6614,109.1619,109.6624,110.1629,110.6633,111.1634,111.6631,112.1623,112.6608,113.1583,113.6548,114.1499,114.6436,115.1356,115.6257,116.1136,116.5992,117.0822,117.5625,118.0398,118.5139,118.9847,119.4519,119.9153,120.3749,120.8305,121.2819,121.729,122.1716,122.6099,123.0435,123.4726,123.897,124.3168,124.7319,125.1425,125.5485,125.9501,126.3473,126.7402,127.1291,127.514,127.8953,128.273,128.6474,129.0189,129.3876,129.754,130.1183,130.4809,130.8422,131.2026,131.5625,131.9224,132.2828,132.6441,133.0068,133.3714,133.7386,134.1089,134.4828,134.8608,135.2437,135.6318,136.026,136.4266,136.8343,137.2496,137.673,138.105,138.5461,138.9968,139.4573,139.928,140.4091,140.9009,141.4034,141.9167,142.4407,142.9752,143.52,144.0746,144.6388,145.2117,145.7928,146.3813,146.9763,147.5767,148.1815,148.7896,149.3998,150.0107,150.621,151.2295,151.8348,152.4355,153.0304,153.6181,154.1975,154.7674,155.3268,155.8746,156.4099,156.9319,157.4399,157.9334,158.4118,158.8747,159.3218,159.7529,160.168,160.5669,160.9498,161.3167,161.6679,162.0035,162.3239,162.6294,162.9204,163.1973,163.4605,163.7104,163.9476,164.1725,164.3856,164.5873,164.7782,164.9587,165.1292,165.2903,165.4424,165.586,165.7214,165.8491,165.9694,166.0828,166.1897,166.2903,166.3851,166.4743,166.5583,166.6373,166.7116,166.7816,166.8474,166.9094,166.9676,167.0224,167.074,167.1224,167.168,167.2109,167.2513,167.2892,167.325,167.3585,167.3902,167.4199,167.4479,167.4742,167.499,167.5224,167.5444,167.5651,167.5846,167.6029,167.6203,167.6366,167.6519,167.6593],