{
   "labels":[24,24.5,25.5,26.5,27.5,28.5,29.5,30.5,31.5,32.5,33.5,34.5,35.5,36.5,37.5,38.5,39.5,40.5,41.5,42.5,43.5,44.5,45.5,46.5,47.5,48.5,49.5,50.5,51.5,52.5,53.5,54.5,55.5,56.5,57.5,58.5,59.5,60.5,61.5,62.5,63.5,64.5,65.5,66.5,67.5,68.5,69.5,70.5,71.5,72.5,73.5,74.5,75.5,76.5,77.5,78.5,79.5,80.5,81.5,82.5,83.5,84.5,85.5,86.5,87.5,88.5,89.5,90.5,91.5,92.5,93.5,94.5,95.5,96.5,97.5,98.5,99.5,100.5,101.5,102.5,103.5,104.5,105.5,106.5,107.5,108.5,109.5,110.5,111.5,112.5,113.5,114.5,115.5,116.5,117.5,118.5,119.5,120.5,121.5,122.5,123.5,124.5,125.5,126.5,127.5,128.5,129.5,130.5,131.5,132.5,133.5,134.5,135.5,136.5,137.5,138.5,139.5,140.5,141.5,142.5,143.5,144.5,145.5,146.5,147.5,148.5,149.5,150.5,151.5,152.5,153.5,154.5,155.5,156.5,157.5,158.5,159.5,160.5,161.5,162.5,163.5,164.5,165.5,166.5,167.5,168.5,169.5,170.5,171.5,172.5,173.5,174.5,175.5,176.5,177.5,178.5,179.5,180.5,181.5,182.5,183.5,184.5,185.5,186.5,187.5,188.5,189.5,190.5,191.5,192.5,193.5,194.5,195.5,196.5,197.5,198.5,199.5,200.5,201.5,202.5,203.5,204.5,205.5,206.5,207.5,208.5,209.5,210.5,211.5,212.5,213.5,214.5,215.5,216.5,217.5,218.5,219.5,220.5,221.5,222.5,223.5,224.5,225.5,226.5,227.5,228.5,229.5,230.5,231.5,232.5,233.5,234.5,235.5,236.5,237.5,238.5,239.5,240],
"data":{  "3%":[78.43754,78.82133,79.60198,80.37555,81.1357,81.87746,82.59712,83.29206,83.96065,84.6021,85.2163,85.80379,86.36557,86.90307,87.43482,87.95945,88.4785,88.9933,89.50502,90.01466,90.52307,91.031,91.53905,92.04774,92.55748,93.06862,93.58141,94.09605,94.61267,95.13134,95.65211,96.17495,96.69982,97.22663,97.75525,98.28555,98.81735,99.35047,99.8847,100.4198,100.9555,101.4916,102.0279,102.564,103.0996,103.6346,104.1685,104.7012,105.2323,105.7615,106.2886,106.8132,107.3351,107.8541,108.3698,108.882,109.3905,109.8949,110.3952,110.8909,111.3821,111.8684,112.3496,112.8257,113.2963,113.7615,114.2211,114.6749,115.123,115.5651,116.0012,116.4314,116.8555,117.2737,117.6858,118.092,118.4924,118.8869,119.2757,119.659,120.037,120.4097,120.7775,121.1405,121.4991,121.8537,122.2044,122.5518,122.8963,123.2384,123.5785,123.9173,124.2553,124.5933,124.932,125.2721,125.6144,125.9599,126.3095,126.6641,127.0248,127.3926,127.7687,128.1541,128.5499,128.9573,129.3772,129.8106,130.2585,130.7217,131.2006,131.6958,132.2074,132.7354,133.2795,133.8388,134.4125,134.9993,135.5973,136.2047,136.8191,137.4381,138.0588,138.6784,139.2941,139.9028,140.5019,141.0885,141.6602,142.2148,142.7504,143.2654,143.7584,144.2287,144.6756,145.0987,145.4981,145.874,146.2269,146.5573,146.866,147.1539,147.4219,147.6712,147.9026,148.1173,148.3164,148.5009,148.6717,148.8299,148.9764,149.1121,149.2377,149.3542,149.4622,149.5623,149.6553,149.7416,149.8219,149.8967,149.9663,150.0312,150.0918,150.1484,150.2014,150.251,150.2975,150.3412,150.3823,150.4209,150.4573,150.4917,150.5241,150.5547,150.5837,150.6111,150.6372,150.6619,150.6854,150.7077,150.7289,150.7491,150.7684,150.7868,150.8044,150.8211,150.8372,150.8525,150.8672,150.8812,150.8947,150.9076,150.92,150.9319,150.9433,150.9542,150.9647,150.9749,150.9846,150.9939,151.0029,151.0115,151.0198,151.0279,151.0356,151.043,151.0501,151.057,151.0636,151.07,151.0762,151.0821,151.0879,151.0934,151.0987,151.1038,151.1088,151.1112],
   "5%":[79.25982,79.64777,80.44226,81.22666,81.9954,82.74411,83.46957,84.16953,84.84264,85.4883,86.10656,86.69803,87.26379,87.80528,88.34236,88.87256,89.39733,89.91797,90.43559,90.95115,91.46549,91.97932,92.49325,93.00778,93.52333,94.04022,94.55872,95.07903,95.60128,96.12555,96.65189,97.18029,97.71069,98.24303,98.77719,99.31303,99.85039,100.3891,100.9289,101.4696,102.011,102.5529,103.0948,103.6367,104.1782,104.7191,105.259,105.7976,106.3348,106.8701,107.4033,107.9342,108.4624,108.9877,109.5099,110.0285,110.5435,111.0545,111.5613,112.0638,112.5616,113.0546,113.5427,114.0256,114.5031,114.9752,115.4418,115.9026,116.3577,116.8069,117.2502,117.6875,118.1189,118.5443,118.9638,119.3774,119.7852,120.1873,120.5838,120.9748,121.3606,121.7413,122.1171,122.4884,122.8555,123.2186,123.5782,123.9347,124.2885,124.6402,124.9902,125.3393,125.688,126.0371,126.3872,126.7392,127.094,127.4524,127.8154,128.184,128.5591,128.9419,129.3334,129.7346,130.1467,130.5705,131.0071,131.4573,131.9218,132.4013,132.8962,133.4067,133.9328,134.4742,135.0304,135.6004,136.1831,136.7769,137.3801,137.9905,138.6058,139.2236,139.841,140.4554,141.064,141.6641,142.253,142.8283,143.3877,143.9294,144.4516,144.953,145.4325,145.8894,146.3232,146.7338,147.1213,147.4859,147.8281,148.1487,148.4483,148.7279,148.9885,149.2309,149.4562,149.6655,149.8598,150.04,150.2072,150.3621,150.5059,150.6392,150.7629,150.8777,150.9843,151.0833,151.1754,151.2611,151.341,151.4154,151.4848,151.5497,151.6103,151.6671,151.7203,151.7702,151.8171,151.8612,151.9027,151.9418,151.9787,152.0135,152.0465,152.0776,152.1072,152.1352,152.1617,152.187,152.211,152.2339,152.2556,152.2764,152.2962,152.3151,152.3332,152.3504,152.3669,152.3827,152.3979,152.4124,152.4263,152.4396,152.4524,152.4647,152.4765,152.4878,152.4987,152.5092,152.5192,152.5289,152.5382,152.5472,152.5558,152.5641,152.5721,152.5798,152.5873,152.5944,152.6013,152.6079,152.6143,152.6205,152.6265,152.6322,152.6377,152.6431,152.6482,152.6507],
   "10%":[80.52476,80.91946,81.73541,82.53699,83.31968,84.07998,84.81532,85.52398,86.205,86.85807,87.48344,88.08186,88.6545,89.20285,89.74875,90.28811,90.82228,91.35246,91.87972,92.40497,92.92901,93.45252,93.97609,94.50021,95.02528,95.55164,96.07954,96.60918,97.14072,97.67423,98.20976,98.74731,99.28686,99.82832,100.3716,100.9165,101.463,102.0109,102.5599,103.1098,103.6604,104.2115,104.7628,105.3141,105.865,106.4154,106.9648,107.5131,108.0599,108.605,109.148,109.6888,110.227,110.7623,111.2944,111.8232,112.3483,112.8696,113.3867,113.8995,114.4077,114.9112,115.4097,115.9031,116.3913,116.874,117.3512,117.8228,118.2886,118.7486,119.2028,119.6511,120.0935,120.53,120.9607,121.3855,121.8047,122.2182,122.6263,123.0291,123.4268,123.8196,124.2078,124.5916,124.9715,125.3478,125.7208,126.0911,126.4592,126.8255,127.1907,127.5554,127.9203,128.2861,128.6537,129.0238,129.3973,129.7752,130.1584,130.5479,130.9446,131.3496,131.7639,132.1885,132.6243,133.0721,133.5329,134.0072,134.4955,134.9983,135.5157,136.0476,136.5937,137.1534,137.7259,138.31,138.9043,139.507,140.1161,140.7295,141.3448,141.9594,142.5709,143.1767,143.7741,144.3607,144.9342,145.4925,146.0338,146.5564,147.059,147.5405,148.0002,148.4376,148.8525,149.2449,149.615,149.9633,150.2902,150.5966,150.8831,151.1507,151.4003,151.6329,151.8494,152.0508,152.2381,152.4121,152.5738,152.7241,152.8638,152.9936,153.1143,153.2266,153.3312,153.4286,153.5193,153.604,153.683,153.7569,153.826,153.8907,153.9513,154.0082,154.0616,154.1119,154.1592,154.2037,154.2457,154.2854,154.3229,154.3584,154.3919,154.4238,154.454,154.4827,154.51,154.5359,154.5607,154.5842,154.6067,154.6281,154.6486,154.6681,154.6868,154.7047,154.7218,154.7382,154.754,154.769,154.7835,154.7974,154.8107,154.8235,154.8358,154.8476,154.859,154.8699,154.8804,154.8905,154.9003,154.9096,154.9187,154.9273,154.9357,154.9438,154.9516,154.959,154.9663,154.9732,154.9799,154.9864,154.9926,154.9986,155.0044,155.01,155.0154,155.0181],