{
   "labels": [24,24.5,25.5,26.5,27.5,28.5,29.5,30.5,31.5,32.5,33.5,34.5,35.5,36.5,37.5,38.5,39.5,40.5,41.5,42.5,43.5,44.5,45.5,46.5,47.5,48.5,49.5,50.5,51.5,52.5,53.5,54.5,55.5,56.5,57.5,58.5,59.5,60.5,61.5,62.5,63.5,64.5,65.5,66.5,67.5,68.5,69.5,70.5,71.5,72.5,73.5,74.5,75.5,76.5,77.5,78.5,79.5,80.5,81.5,82.5,83.5,84.5,85.5,86.5,87.5,88.5,89.5,90.5,91.5,92.5,93.5,94.5,95.5,96.5,97.5,98.5,99.5,100.5,101.5,102.5,103.5,104.5,105.5,106.5,107.5,108.5,109.5,110.5,111.5,112.5,113.5,114.5,115.5,116.5,117.5,118.5,119.5,120.5,121.5,122.5,123.5,124.5,125.5,126.5,127.5,128.5,129.5,130.5,131.5,132.5,133.5,134.5,135.5,136.5,137.5,138.5,139.5,140.5,141.5,142.5,143.5,144.5,145.5,146.5,147.5,148.5,149.5,150.5,151.5,152.5,153.5,154.5,155.5,156.5,157.5,158.5,159.5,160.5,161.5,162.5,163.5,164.5,165.5,166.5,167.5,168.5,169.5,170.5,171.5,172.5,173.5,174.5,175.5,176.5,177.5,178.5,179.5,180.5,181.5,182.5,183.5,184.5,185.5,186.5,187.5,188.5,189.5,190.5,191.5,192.5,193.5,194.5,195.5,196.5,197.5,198.5,199.5,200.5,201.5,202.5,203.5,204.5,205.5,206.5,207.5,208.5,209.5,210.5,211.5,212.5,213.5,214.5,215.5,216.5,217.5,218.5,219.5,220.5,221.5,222.5,223.5,224.5,225.5,226.5,227.5,228.5,229.5,230.5,231.5,232.5,233.5,234.5,235.5,236.5,237.5,238.5,239.5,240],
   "data":{
   "3%":[10.38209,10.44144,10.55847,10.6738,10.78798,10.90147,11.01466,11.12787,11.24135,11.3553,11.46988,11.58521,11.70137,11.81842,11.93639,12.05529,12.17512,12.29587,12.41751,12.54001,12.66334,12.78746,12.91234,13.03792,13.16419,13.29111,13.41864,13.54675,13.67543,13.80466,13.93441,14.06467,14.19544,14.32672,14.4585,14.59079,14.72359,14.85692,14.99078,15.1252,15.26018,15.39575,15.53193,15.66872,15.80617,15.94427,16.08306,16.22255,16.36276,16.5037,16.64539,16.78785,16.93107,17.07507,17.21986,17.36543,17.5118,17.65895,17.80689,17.9556,18.10509,18.25535,18.40637,18.55813,18.71062,18.86385,19.01778,19.17243,19.32776,19.48379,19.6405,19.79788,19.95594,20.11467,20.27408,20.43418,20.59497,20.75647,20.91869,21.08166,21.2454,21.40994,21.57532,21.74156,21.90873,22.07685,22.24599,22.4162,22.58754,22.76008,22.93388,23.10902,23.28558,23.46364,23.64329,23.8246,24.00769,24.19264,24.37956,24.56855,24.75971,24.95315,25.14898,25.34731,25.54826,25.75195,25.95847,26.16796,26.38051,26.59626,26.81531,27.03777,27.26376,27.49337,27.72672,27.9639,28.20501,28.45015,28.69939,28.95283,29.21053,29.47257,29.739,30.00988,30.28525,30.56516,30.84962,31.13865,31.43227,31.73046,32.03321,32.3405,32.65229,32.96852,33.28913,33.61404,33.94317,34.27642,34.61365,34.95475,35.29956,35.64794,35.99969,36.35464,36.71259,37.07331,37.43658,37.80215,38.16976,38.53916,38.91004,39.28212,39.65509,40.02863,40.40241,40.77608,41.14932,41.52175,41.89302,42.26275,42.63058,42.99612,43.35899,43.71882,44.07523,44.42784,44.77629,45.1202,45.45922,45.79301,46.12122,46.44354,46.75967,47.06932,47.37223,47.66815,47.95687,48.23819,48.51195,48.778,49.03625,49.28662,49.52905,49.76354,49.9901,50.2088,50.4197,50.62293,50.81862,51.00695,51.18811,51.36232,51.52982,51.69086,51.84574,51.99472,52.13808,52.27612,52.40911,52.53731,52.66098,52.78032,52.89553,53.00674,53.11402,53.21739,53.31679,53.41207,53.50297,53.58913,53.67003,53.74501,53.81325,53.87373,53.92519,53.96614,53.99482,54.00392],
   "5%":[10.64009,10.70051,10.81958,10.93681,11.0528,11.16803,11.28293,11.39782,11.513,11.62869,11.74508,11.8623,11.98046,12.09962,12.21984,12.34115,12.46354,12.58701,12.71154,12.8371,12.96366,13.09119,13.21963,13.34895,13.47911,13.61006,13.74176,13.87418,14.00727,14.14102,14.2754,14.41037,14.54593,14.68205,14.81872,14.95595,15.09371,15.23202,15.37087,15.51027,15.65023,15.79076,15.93186,16.07356,16.21586,16.35879,16.50235,16.64657,16.79146,16.93704,17.08332,17.23031,17.37804,17.52651,17.67574,17.82572,17.97649,18.12803,18.28036,18.43348,18.5874,18.74211,18.89763,19.05395,19.21107,19.369,19.52773,19.68727,19.84762,20.00878,20.17076,20.33357,20.4972,20.66168,20.82702,20.99322,21.16032,21.32832,21.49726,21.66716,21.83805,22.00997,22.18296,22.35705,22.5323,22.70876,22.88648,23.06551,23.24593,23.42779,23.61117,23.79613,23.98277,24.17115,24.36137,24.55351,24.74766,24.94392,25.14238,25.34314,25.54631,25.75198,25.96027,26.17126,26.38509,26.60184,26.82163,27.04457,27.27076,27.50031,27.73332,27.96989,28.21013,28.45412,28.70197,28.95376,29.20958,29.4695,29.7336,30.00195,30.2746,30.55162,30.83304,31.11891,31.40925,31.70409,32.00343,32.30727,32.61561,32.92842,33.24567,33.56731,33.89329,34.22353,34.55796,34.89647,35.23896,35.58531,35.93538,36.28902,36.64606,37.00634,37.36965,37.7358,38.10456,38.47571,38.849,39.22417,39.60097,39.97909,40.35826,40.73817,41.11851,41.49895,41.87917,42.25882,42.63757,43.01506,43.39093,43.76482,44.13638,44.50523,44.87102,45.23338,45.59196,45.9464,46.29635,46.64147,46.98144,47.31593,47.64464,47.96727,48.28356,48.59325,48.89609,49.19189,49.48044,49.76158,50.03518,50.30112,50.55931,50.80971,51.05229,51.28706,51.51404,51.73333,51.94499,52.14918,52.34603,52.53572,52.71847,52.8945,53.06406,53.2274,53.38481,53.53657,53.68296,53.82428,53.96079,54.09278,54.22046,54.34408,54.46381,54.57977,54.69205,54.80066,54.90552,55.00648,55.10328,55.19552,55.2827,55.36413,55.43897,55.50617,55.56447,55.61236,55.64807,55.66071],
   "10%":[11.05266,11.1149,11.23747,11.35806,11.47728,11.59567,11.71368,11.8317,11.95005,12.069,12.18875,12.30948,12.43132,12.55436,12.67868,12.80431,12.93128,13.05959,13.18923,13.32017,13.45238,13.58581,13.72043,13.85618,13.99301,14.13086,14.26968,14.40943,14.55004,14.69148,14.8337,14.97666,15.12032,15.26465,15.40962,15.55521,15.70139,15.84814,15.99546,16.14334,16.29176,16.44074,16.59026,16.74033,16.89096,17.04215,17.19393,17.34629,17.49926,17.65285,17.80708,17.96197,18.11754,18.2738,18.43077,18.58848,18.74695,18.9062,19.06624,19.2271,19.3888,19.55136,19.71479,19.87913,20.04438,20.21057,20.37771,20.54584,20.71496,20.88511,21.05629,21.22855,21.4019,21.57637,21.75198,21.92878,22.10678,22.28602,22.46654,22.64838,22.83157,23.01617,23.20222,23.38976,23.57885,23.76955,23.96192,24.15601,24.35189,24.54962,24.74929,24.95096,25.1547,25.3606,25.56874,25.77921,25.99208,26.20745,26.42541,26.64604,26.86945,27.09573,27.32496,27.55726,27.7927,28.0314,28.27343,28.51891,28.76791,29.02052,29.27685,29.53696,29.80095,30.06888,30.34084,30.61689,30.8971,31.18151,31.4702,31.76319,32.06052,32.36224,32.66834,32.97885,33.29378,33.6131,33.93681,34.26488,34.59726,34.93391,35.27477,35.61976,35.96879,36.32176,36.67857,37.03908,37.40317,37.77067,38.14143,38.51526,38.89198,39.27138,39.65325,40.03736,40.42347,40.81133,41.20067,41.59121,41.98269,42.37479,42.76722,43.15967,43.55182,43.94334,44.3339,44.72317,45.1108,45.49646,45.8798,46.26048,46.63815,47.01247,47.3831,47.74972,48.11199,48.46959,48.82222,49.16956,49.51134,49.84727,50.17709,50.50055,50.81743,51.12752,51.43062,51.72656,52.0152,52.29642,52.57011,52.8362,53.09465,53.34544,53.58858,53.82409,54.05205,54.27255,54.4857,54.69165,54.89058,55.08267,55.26814,55.44723,55.6202,55.78731,55.94884,56.10508,56.25633,56.40286,56.54495,56.68288,56.81689,56.94719,57.07396,57.19732,57.31737,57.43409,57.54742,57.6572,57.76315,57.86488,57.96187,58.05343,58.13869,58.21662,58.28594,58.34515,58.39247,58.41105],